{"stats":{"minecraft:crafted":{"minecraft:oak_planks":128,"minecraft:furnace":1,"minecraft:stone":30,"minecraft:cooked_mutton":7,"minecraft:stone_brick_slab":6,"minecraft:iron_boots":1,"minecraft:iron_axe":1,"minecraft:stone_pickaxe":1,"minecraft:chest":1,"minecraft:redstone_block":18,"minecraft:stone_bricks":4,"minecraft:cooked_porkchop":3,"minecraft:crafting_table":4,"minecraft:wooden_pickaxe":1,"minecraft:iron_helmet":1,"minecraft:iron_sword":1,"minecraft:bucket":1,"minecraft:oak_wood":3,"minecraft:stone_axe":1,"minecraft:air":0,"minecraft:oak_boat":1,"minecraft:iron_chestplate":1,"minecraft:wooden_hoe":1,"minecraft:stick":92,"minecraft:iron_ingot":50,"minecraft:iron_pickaxe":3,"minecraft:stone_sword":1,"minecraft:iron_block":13,"minecraft:iron_leggings":1,"minecraft:iron_shovel":1,"minecraft:gold_ingot":15,"minecraft:white_bed":1,"minecraft:torch":184,"minecraft:lapis_block":19},"minecraft:killed":{"minecraft:spider":1,"minecraft:slime":2,"minecraft:pufferfish":5,"minecraft:skeleton":1,"minecraft:bee":5,"minecraft:panda":3,"minecraft:chicken":2,"minecraft:turtle":1,"minecraft:skeleton_horse":1,"minecraft:piglin":1,"minecraft:parrot":1,"minecraft:husk":1,"minecraft:pig":16,"minecraft:zombie_villager":1,"minecraft:polar_bear":2,"minecraft:sheep":5,"minecraft:trader_llama":2,"minecraft:zombie":6},"minecraft:dropped":{"minecraft:oak_log":6,"minecraft:white_wool":1,"minecraft:stone_axe":1,"minecraft:white_bed":1},"minecraft:mined":{"minecraft:white_bed":2,"minecraft:granite":5,"minecraft:grass_block":11,"minecraft:redstone_ore":28,"minecraft:furnace":32,"minecraft:iron_ore":87,"minecraft:andesite":71,"minecraft:azure_bluet":5,"minecraft:stone":438,"minecraft:stone_brick_slab":2,"minecraft:crafting_table":5,"minecraft:torch":2,"minecraft:glass":2,"minecraft:tall_grass":14,"minecraft:cobblestone":3,"minecraft:lapis_ore":23,"minecraft:sugar_cane":40,"minecraft:diorite":13,"minecraft:wall_torch":2,"minecraft:wheat":1,"minecraft:bee_nest":1,"minecraft:grass":263,"minecraft:oak_log":69,"minecraft:coal_ore":137,"minecraft:sand":66,"minecraft:dirt":26,"minecraft:stone_bricks":1,"minecraft:gold_ore":18,"minecraft:oak_leaves":43},"minecraft:custom":{"minecraft:mob_kills":56,"minecraft:interact_with_crafting_table":38,"minecraft:leave_game":4,"minecraft:time_since_death":1617,"minecraft:climb_one_cm":62,"minecraft:sprint_one_cm":139822,"minecraft:walk_one_cm":401197,"minecraft:drop":4,"minecraft:deaths":1,"minecraft:sneak_time":3470,"minecraft:walk_under_water_one_cm":24648,"minecraft:boat_one_cm":92337,"minecraft:jump":1805,"minecraft:walk_on_water_one_cm":41544,"minecraft:interact_with_furnace":85,"minecraft:play_one_minute":130000,"minecraft:sleep_in_bed":2,"minecraft:time_since_rest":1680,"minecraft:damage_taken":1802,"minecraft:damage_dealt":9010,"minecraft:swim_one_cm":24,"minecraft:fly_one_cm":316584,"minecraft:open_chest":68,"minecraft:crouch_one_cm":12651,"minecraft:fall_one_cm":35439},"minecraft:broken":{"minecraft:iron_pickaxe":3},"minecraft:picked_up":{"minecraft:seagrass":1,"minecraft:crafting_table":5,"minecraft:wheat":1,"minecraft:azure_bluet":5,"minecraft:chicken":3,"minecraft:diamond_sword":1,"minecraft:wither_rose":34,"minecraft:string":17,"minecraft:pufferfish":8,"minecraft:oak_boat":3,"minecraft:sugar_cane":62,"minecraft:chest":1,"minecraft:egg":1,"minecraft:furnace":32,"minecraft:stick":6,"minecraft:torch":7,"minecraft:porkchop":29,"minecraft:diorite":11,"minecraft:redstone":131,"minecraft:arrow":2,"minecraft:rotten_flesh":9,"minecraft:tropical_fish":1,"minecraft:mutton":9,"minecraft:white_wool":3,"minecraft:cobblestone":403,"minecraft:feather":7,"minecraft:andesite":58,"minecraft:salmon":3,"minecraft:leather":1,"minecraft:oak_log":66,"minecraft:lily_pad":9,"minecraft:dirt":218,"minecraft:lapis_lazuli":153,"minecraft:cooked_mutton":2,"minecraft:bone":1,"minecraft:apple":1,"minecraft:stone_bricks":2,"minecraft:wheat_seeds":41,"minecraft:iron_ingot":27,"minecraft:iron_ore":112,"minecraft:bamboo":2,"minecraft:cooked_porkchop":6,"minecraft:stone_brick_slab":1,"minecraft:gravel":7,"minecraft:sand":66,"minecraft:white_bed":2,"minecraft:gold_ore":16,"minecraft:spider_eye":1,"minecraft:stone_axe":1,"minecraft:granite":2,"minecraft:bone_meal":1,"minecraft:gray_wool":1,"minecraft:oak_sapling":15,"minecraft:black_wool":2,"minecraft:coal":301},"minecraft:used":{"minecraft:stone_sword":79,"minecraft:iron_shovel":81,"minecraft:tropical_fish":2,"minecraft:chest":1,"minecraft:iron_sword":193,"minecraft:torch":98,"minecraft:dirt":105,"minecraft:stone_brick_slab":3,"minecraft:iron_axe":57,"minecraft:stone_bricks":1,"minecraft:bow":18,"minecraft:furnace":30,"minecraft:wheat_seeds":37,"minecraft:cooked_mutton":8,"minecraft:water_bucket":20,"minecraft:stone_pickaxe":113,"minecraft:oak_planks":3,"minecraft:wooden_pickaxe":5,"minecraft:sugar_cane":25,"minecraft:sand":26,"minecraft:crafting_table":8,"minecraft:white_bed":2,"minecraft:oak_log":2,"minecraft:wooden_hoe":3,"minecraft:iron_pickaxe":751,"minecraft:stone_axe":34,"minecraft:diamond_sword":79,"minecraft:cobblestone":105,"minecraft:cooked_porkchop":9,"minecraft:bucket":18,"minecraft:andesite":4,"minecraft:oak_boat":3}},"DataVersion":2584}