{"stats":{"minecraft:crafted":{"minecraft:oak_planks":336,"minecraft:coal":126,"minecraft:cooked_chicken":7,"minecraft:cobblestone_stairs":4,"minecraft:stone":89,"minecraft:bone_meal":330,"minecraft:glass_pane":16,"minecraft:cooked_mutton":1,"minecraft:glass":6,"minecraft:iron_boots":1,"minecraft:iron_axe":6,"minecraft:iron_hoe":2,"minecraft:melon_seeds":9,"minecraft:stone_pickaxe":2,"minecraft:chest":10,"minecraft:jungle_stairs":56,"minecraft:stone_hoe":1,"minecraft:oak_fence":72,"minecraft:wheat":144,"minecraft:cooked_beef":8,"minecraft:crafting_table":2,"minecraft:enchanting_table":1,"minecraft:iron_helmet":1,"minecraft:iron_sword":1,"minecraft:birch_planks":64,"minecraft:stone_axe":1,"minecraft:bread":71,"minecraft:air":0,"minecraft:jungle_planks":92,"minecraft:oak_fence_gate":3,"minecraft:iron_chestplate":1,"minecraft:book":2,"minecraft:paper":6,"minecraft:shield":1,"minecraft:stick":76,"minecraft:iron_ingot":130,"minecraft:iron_pickaxe":2,"minecraft:iron_shovel":2,"minecraft:iron_leggings":1,"minecraft:gold_ingot":19,"minecraft:torch":76,"minecraft:shears":3,"minecraft:lapis_lazuli":27},"minecraft:killed":{"minecraft:cave_spider":1,"minecraft:spider":7,"minecraft:phantom":1,"minecraft:skeleton":24,"minecraft:chicken":2,"minecraft:pig":1,"minecraft:zombie_villager":2,"minecraft:wandering_trader":1,"minecraft:creeper":5,"minecraft:zombie":25},"minecraft:dropped":{"minecraft:iron_ingot":34,"minecraft:bread":18,"minecraft:iron_sword":1,"minecraft:wheat_seeds":1,"minecraft:lapis_lazuli":27,"minecraft:minecart":1,"minecraft:oak_fence":1,"minecraft:lead":2,"minecraft:saddle":2,"minecraft:rail":34,"minecraft:coal":63,"minecraft:dirt":1,"minecraft:grass":1,"minecraft:torch":40,"minecraft:iron_leggings":1,"minecraft:jungle_sapling":3,"minecraft:bone_meal":64,"minecraft:sand":1,"minecraft:iron_axe":2,"minecraft:iron_pickaxe":2,"minecraft:iron_shovel":3,"minecraft:furnace":11,"minecraft:stone_axe":1,"minecraft:cooked_chicken":11,"minecraft:wheat":15,"minecraft:composter":1,"minecraft:rotten_flesh":25,"minecraft:oak_planks":1,"minecraft:iron_boots":1,"minecraft:andesite":2,"minecraft:jungle_log":14,"minecraft:yellow_bed":1,"minecraft:spider_eye":1,"minecraft:arrow":2,"minecraft:netherrack":1},"minecraft:mined":{"minecraft:nether_gold_ore":8,"minecraft:white_bed":3,"minecraft:mossy_cobblestone":9,"minecraft:oak_door":3,"minecraft:cobblestone_stairs":4,"minecraft:jungle_leaves":363,"minecraft:ladder":12,"minecraft:granite":25,"minecraft:grass_block":130,"minecraft:jungle_planks":4,"minecraft:jungle_log":390,"minecraft:composter":1,"minecraft:oxeye_daisy":1,"minecraft:hay_block":2,"minecraft:redstone_ore":6,"minecraft:carrots":18,"minecraft:furnace":5,"minecraft:jungle_sapling":11,"minecraft:fire":2,"minecraft:iron_ore":53,"minecraft:andesite":1,"minecraft:bell":1,"minecraft:potatoes":9,"minecraft:vine":99,"minecraft:oak_stairs":113,"minecraft:stripped_jungle_log":1,"minecraft:bamboo":4,"minecraft:stone":252,"minecraft:bone_block":17,"minecraft:glass_pane":3,"minecraft:oak_fence":32,"minecraft:crafting_table":8,"minecraft:torch":3,"minecraft:jungle_stairs":33,"minecraft:poppy":2,"minecraft:melon":23,"minecraft:chest":16,"minecraft:white_stained_glass_pane":1,"minecraft:tall_grass":15,"minecraft:cobblestone":20,"minecraft:sugar_cane":11,"minecraft:oak_planks":131,"minecraft:wall_torch":2,"minecraft:diorite":8,"minecraft:wheat":185,"minecraft:jungle_fence":2,"minecraft:yellow_bed":2,"minecraft:yellow_stained_glass_pane":1,"minecraft:grass":94,"minecraft:oak_log":151,"minecraft:coal_ore":7,"minecraft:beetroots":1,"minecraft:cocoa":11,"minecraft:gravel":1,"minecraft:sand":3,"minecraft:dirt":23,"minecraft:acacia_planks":3,"minecraft:netherrack":10,"minecraft:oak_leaves":628,"minecraft:fern":13},"minecraft:custom":{"minecraft:mob_kills":71,"minecraft:animals_bred":28,"minecraft:interact_with_crafting_table":55,"minecraft:leave_game":6,"minecraft:time_since_death":165686,"minecraft:climb_one_cm":61058,"minecraft:sprint_one_cm":868073,"minecraft:damage_blocked_by_shield":480,"minecraft:walk_one_cm":1114855,"minecraft:drop":89,"minecraft:talked_to_villager":15,"minecraft:deaths":3,"minecraft:sneak_time":16591,"minecraft:walk_under_water_one_cm":1003,"minecraft:jump":4677,"minecraft:walk_on_water_one_cm":34779,"minecraft:enchant_item":7,"minecraft:interact_with_furnace":109,"minecraft:play_one_minute":311224,"minecraft:sleep_in_bed":2,"minecraft:time_since_rest":165707,"minecraft:damage_taken":10148,"minecraft:damage_dealt":12304,"minecraft:fly_one_cm":736788,"minecraft:crouch_one_cm":59782,"minecraft:open_chest":436,"minecraft:fall_one_cm":203828,"minecraft:horse_one_cm":1206},"minecraft:killed_by":{"minecraft:enderman":1,"minecraft:iron_golem":1},"minecraft:broken":{"minecraft:iron_boots":1,"minecraft:shears":2,"minecraft:stone_hoe":1,"minecraft:stone_pickaxe":1,"minecraft:iron_axe":4,"minecraft:iron_helmet":1,"minecraft:iron_hoe":1},"minecraft:picked_up":{"minecraft:crafting_table":10,"minecraft:cocoa_beans":35,"minecraft:iron_chestplate":3,"minecraft:wheat":129,"minecraft:chicken":3,"minecraft:ladder":14,"minecraft:lead":13,"minecraft:oak_stairs":106,"minecraft:enchanted_book":1,"minecraft:brewing_stand":2,"minecraft:shield":2,"minecraft:string":10,"minecraft:iron_axe":4,"minecraft:iron_leggings":4,"minecraft:iron_shovel":3,"minecraft:beetroot":1,"minecraft:activator_rail":5,"minecraft:gold_nugget":65,"minecraft:detector_rail":1,"minecraft:sugar_cane":10,"minecraft:jungle_sapling":24,"minecraft:poppy":4,"minecraft:iron_pickaxe":4,"minecraft:minecart":5,"minecraft:melon_slice":121,"minecraft:chest":18,"minecraft:furnace":27,"minecraft:iron_boots":4,"minecraft:egg":34,"minecraft:stick":49,"minecraft:stone":105,"minecraft:oak_door":3,"minecraft:composter":3,"minecraft:oak_fence":35,"minecraft:torch":94,"minecraft:porkchop":4,"minecraft:diorite":8,"minecraft:carrot":59,"minecraft:vine":50,"minecraft:redstone":27,"minecraft:cauldron":4,"minecraft:arrow":27,"minecraft:rotten_flesh":29,"minecraft:jungle_stairs":27,"minecraft:beetroot_seeds":3,"minecraft:peony":18,"minecraft:hay_block":2,"minecraft:saddle":4,"minecraft:bone_block":17,"minecraft:rail":86,"minecraft:cobblestone":362,"minecraft:oxeye_daisy":1,"minecraft:feather":4,"minecraft:andesite":2,"minecraft:jungle_log":410,"minecraft:fern":4,"minecraft:jungle_fence":3,"minecraft:red_mushroom":1,"minecraft:potato":33,"minecraft:oak_log":178,"minecraft:yellow_bed":3,"minecraft:gunpowder":4,"minecraft:cobblestone_stairs":4,"minecraft:dirt":289,"minecraft:name_tag":1,"minecraft:bone":19,"minecraft:acacia_planks":3,"minecraft:apple":9,"minecraft:bow":1,"minecraft:stonecutter":1,"minecraft:wheat_seeds":425,"minecraft:oak_fence_gate":1,"minecraft:bell":1,"minecraft:iron_ingot":30,"minecraft:stone_pickaxe":2,"minecraft:cooked_chicken":4,"minecraft:iron_ore":53,"minecraft:bamboo":28,"minecraft:powered_rail":3,"minecraft:stone_hoe":3,"minecraft:iron_sword":3,"minecraft:oak_planks":120,"minecraft:dandelion":1,"minecraft:gravel":2,"minecraft:sand":23,"minecraft:jungle_planks":4,"minecraft:white_bed":1,"minecraft:spider_eye":1,"minecraft:mossy_cobblestone":8,"minecraft:jungle_leaves":225,"minecraft:stripped_jungle_log":1,"minecraft:stone_axe":1,"minecraft:iron_helmet":3,"minecraft:granite":63,"minecraft:bone_meal":8,"minecraft:grass":18,"minecraft:golden_horse_armor":1,"minecraft:bread":66,"minecraft:oak_sapling":36,"minecraft:netherrack":10,"minecraft:oak_leaves":497,"minecraft:coal":262},"minecraft:used":{"minecraft:oak_fence":90,"minecraft:jungle_leaves":158,"minecraft:enchanting_table":1,"minecraft:iron_shovel":138,"minecraft:chest":21,"minecraft:shield":12,"minecraft:iron_sword":146,"minecraft:grass":4,"minecraft:bell":1,"minecraft:stone_hoe":207,"minecraft:torch":66,"minecraft:dirt":266,"minecraft:cocoa_beans":7,"minecraft:jungle_planks":6,"minecraft:carrot":55,"minecraft:oak_fence_gate":5,"minecraft:jungle_sapling":19,"minecraft:iron_hoe":445,"minecraft:iron_axe":1188,"minecraft:birch_sapling":4,"minecraft:jungle_log":382,"minecraft:melon_seeds":9,"minecraft:bamboo":28,"minecraft:hay_block":2,"minecraft:oak_sapling":49,"minecraft:egg":45,"minecraft:cooked_beef":8,"minecraft:potato":27,"minecraft:acacia_planks":1,"minecraft:wheat_seeds":357,"minecraft:cooked_mutton":1,"minecraft:cobblestone_stairs":5,"minecraft:stone_pickaxe":203,"minecraft:jungle_fence":11,"minecraft:oak_planks":212,"minecraft:sugar_cane":10,"minecraft:oak_leaves":317,"minecraft:sand":1,"minecraft:vine":42,"minecraft:crafting_table":5,"minecraft:white_bed":1,"minecraft:shears":648,"minecraft:oak_log":66,"minecraft:apple":6,"minecraft:iron_pickaxe":235,"minecraft:bread":78,"minecraft:melon_slice":61,"minecraft:jungle_stairs":73,"minecraft:gravel":1,"minecraft:cobblestone":222,"minecraft:porkchop":3,"minecraft:glass_pane":10,"minecraft:yellow_bed":3,"minecraft:bone_meal":278}},"DataVersion":2584}