{"stats":{"minecraft:crafted":{"minecraft:oak_door":6,"minecraft:oak_planks":380,"minecraft:jungle_wood":3,"minecraft:cooked_porkchop":1,"minecraft:iron_trapdoor":1,"minecraft:crafting_table":4,"minecraft:oak_pressure_plate":4,"minecraft:iron_helmet":1,"minecraft:cooked_chicken":3,"minecraft:iron_sword":2,"minecraft:stone":17,"minecraft:bone_meal":6,"minecraft:stone_axe":1,"minecraft:white_carpet":6,"minecraft:painting":2,"minecraft:cooked_mutton":15,"minecraft:air":0,"minecraft:oak_fence_gate":1,"minecraft:iron_boots":1,"minecraft:iron_chestplate":1,"minecraft:charcoal":5,"minecraft:shield":1,"minecraft:ladder":9,"minecraft:stick":28,"minecraft:iron_ingot":108,"minecraft:iron_pickaxe":2,"minecraft:stone_sword":1,"minecraft:iron_shovel":1,"minecraft:iron_leggings":1},"minecraft:killed":{"minecraft:pig":3,"minecraft:sheep":10,"minecraft:skeleton":1,"minecraft:zombie":1,"minecraft:chicken":9,"minecraft:skeleton_horse":1,"minecraft:villager":3},"minecraft:dropped":{"minecraft:iron_ingot":6,"minecraft:bread":2,"minecraft:iron_sword":4,"minecraft:cooked_chicken":1,"minecraft:stone_sword":1,"minecraft:cooked_porkchop":1,"minecraft:white_carpet":6,"minecraft:rotten_flesh":8,"minecraft:oak_planks":7,"minecraft:carrot":2,"minecraft:cooked_mutton":1,"minecraft:peony":6,"minecraft:jungle_sapling":2,"minecraft:iron_pickaxe":1},"minecraft:mined":{"minecraft:white_bed":1,"minecraft:oak_sapling":1,"minecraft:oak_door":5,"minecraft:jungle_leaves":7,"minecraft:crafting_table":1,"minecraft:poppy":1,"minecraft:ladder":1,"minecraft:grass_block":6,"minecraft:melon":2,"minecraft:jungle_log":19,"minecraft:rose_bush":14,"minecraft:oak_pressure_plate":1,"minecraft:tall_grass":10,"minecraft:oak_planks":24,"minecraft:birch_log":7,"minecraft:white_carpet":15,"minecraft:yellow_bed":3,"minecraft:peony":6,"minecraft:grass":50,"minecraft:oak_log":69,"minecraft:vine":15,"minecraft:oak_stairs":5,"minecraft:dirt":1,"minecraft:stone":1,"minecraft:oak_leaves":8,"minecraft:fern":3},"minecraft:custom":{"minecraft:interact_with_furnace":34,"minecraft:mob_kills":28,"minecraft:interact_with_crafting_table":33,"minecraft:play_one_minute":253744,"minecraft:leave_game":3,"minecraft:time_since_death":16081,"minecraft:sleep_in_bed":6,"minecraft:climb_one_cm":33419,"minecraft:time_since_rest":16151,"minecraft:sprint_one_cm":288385,"minecraft:damage_taken":2220,"minecraft:walk_one_cm":704281,"minecraft:drop":34,"minecraft:damage_dealt":3246,"minecraft:fly_one_cm":54053,"minecraft:open_chest":71,"minecraft:crouch_one_cm":169,"minecraft:deaths":3,"minecraft:sneak_time":275,"minecraft:walk_under_water_one_cm":433,"minecraft:jump":1671,"minecraft:walk_on_water_one_cm":2597,"minecraft:enchant_item":2,"minecraft:fall_one_cm":30341},"minecraft:killed_by":{"minecraft:zombie":1},"minecraft:broken":{"minecraft:stone_axe":1},"minecraft:picked_up":{"minecraft:crafting_table":2,"minecraft:birch_log":14,"minecraft:charcoal":5,"minecraft:iron_chestplate":3,"minecraft:feather":26,"minecraft:chicken":11,"minecraft:ladder":4,"minecraft:jungle_log":64,"minecraft:jungle_wood":9,"minecraft:oak_stairs":67,"minecraft:oak_log":77,"minecraft:yellow_bed":3,"minecraft:shield":3,"minecraft:lapis_lazuli":50,"minecraft:dirt":46,"minecraft:iron_axe":1,"minecraft:iron_leggings":3,"minecraft:cooked_mutton":23,"minecraft:white_carpet":33,"minecraft:iron_shovel":3,"minecraft:bone":5,"minecraft:apple":1,"minecraft:wheat_seeds":4,"minecraft:oak_fence_gate":2,"minecraft:iron_ingot":114,"minecraft:jungle_sapling":2,"minecraft:cooked_chicken":8,"minecraft:rose_bush":13,"minecraft:iron_pickaxe":3,"minecraft:light_gray_wool":2,"minecraft:melon_slice":18,"minecraft:iron_sword":6,"minecraft:oak_planks":45,"minecraft:iron_boots":3,"minecraft:egg":34,"minecraft:stick":57,"minecraft:stone":51,"minecraft:cooked_porkchop":1,"minecraft:oak_door":17,"minecraft:oak_fence":3,"minecraft:oak_pressure_plate":9,"minecraft:porkchop":11,"minecraft:carrot":4,"minecraft:white_bed":3,"minecraft:stone_sword":4,"minecraft:arrow":4,"minecraft:rotten_flesh":43,"minecraft:stone_axe":2,"minecraft:peony":12,"minecraft:iron_helmet":3,"minecraft:painting":3,"minecraft:bread":34,"minecraft:oak_sapling":14,"minecraft:black_wool":4,"minecraft:mutton":20,"minecraft:coal":63,"minecraft:white_wool":10,"minecraft:cobblestone":65},"minecraft:used":{"minecraft:cooked_mutton":11,"minecraft:stone_sword":77,"minecraft:ladder":4,"minecraft:oak_planks":399,"minecraft:iron_sword":87,"minecraft:cooked_chicken":4,"minecraft:rotten_flesh":4,"minecraft:oak_door":5,"minecraft:white_carpet":15,"minecraft:crafting_table":4,"minecraft:white_bed":2,"minecraft:painting":5,"minecraft:apple":1,"minecraft:melon_slice":4,"minecraft:oak_stairs":13,"minecraft:bread":8,"minecraft:iron_pickaxe":65,"minecraft:oak_pressure_plate":1,"minecraft:stone_axe":131,"minecraft:iron_trapdoor":1,"minecraft:furnace":1,"minecraft:egg":10,"minecraft:yellow_bed":3}},"DataVersion":2584}